,User,Date Created,Number of Likes,Source of Tweet,Tweet,Follower Count,Date,Created
275,AlArabiya_Eng,2023-01-05 22:00:00+00:00,0,Sprinklr,"#MukeshAmbani, the billionaire chairman of #RelianceIndustries, will be focusing his attention on the Indian conglomerateтАЩs pivot to #greenenergy, after putting his children in charge of other businesses. 

https://t.co/kwqBD5MwNt",924899,1/5/2023,22:00:00+00:00
276,Skywaaaalker,2023-01-05 20:41:42+00:00,1,Twitter for iPhone,#Germany #increases #renewables #reliance in 2022 - reNews - Renewable Energy News https://t.co/yGizEqIApk,1194,1/5/2023,20:41:42+00:00
277,Raj_Ranga2002,2023-01-05 19:14:55+00:00,4,Twitter for Android,"#Reliance 2514 -&gt; 2575-&gt; 2611 
Negates -&gt; 2475 -&lt; DCB 

#Nifty #Motabhai #Reliance #NiftyFuture",2015,1/5/2023,19:14:55+00:00
278,asison80,2023-01-05 18:56:49+00:00,2,LinkedIn,"Neden Elektrikli forklift ├╝retmeliyim ?

#Manufacturingindustry #Electricvehicles #Ev┬а#Lev #Production #Micromobilite #Shipping #Logistics #Future #Cargo #Transport #Automotive #Automotiveindustry #Quality #Project #Engineering #Greenenergy #Reliance #ForтАжhttps://t.co/TOS0UohAgK",181,1/5/2023,18:56:49+00:00
279,Niku_21,2023-01-05 18:29:07+00:00,2,Twitter for Android,"@iHrithik Remember this .?? 

""Glimpse of me trying his hooksteps""
I still remember I watched every ad in which  Hrithik's dance moves we're featured.!
#flashback #hrithikroshan  
#Reliance #dancewithhrithikroshan 
 @RelianceMobile @HrithikInspires @HrithikRules @ZoneHrithik https://t.co/JVQmvxgX4c",72,1/5/2023,18:29:07+00:00
280,kamisama_kotoba,2023-01-05 18:03:33+00:00,0,twittbot.net,"#reliance
https://t.co/hMT8ZldseL",5746,1/5/2023,18:03:33+00:00
281,itradebrains,2023-01-05 17:30:16+00:00,1,Twitter Web App,"Nifty Levels &amp; Strategy for 05/01/2023

#nifty #nifty50 #zerodha #hdfcbank #Reliance #ICICIBank #ICICI #sbin #KotakMahindraBank #Infosys #WIPRO #LTIMindtree #KOTAKBANK #BANKBARODA #adaniports #ADANIENT #SunPharma #DIVISLAB #reliancejio #banknifty #NIFTYIT #NIFTYFUTURE #NiftyBank https://t.co/HkJ2Ng92GN",414,1/5/2023,17:30:16+00:00
282,itradebrains,2023-01-05 17:27:20+00:00,0,Twitter Web App,"FII Cash &amp; Derivative Statistics Dated 05/01/2023

#nifty50 #niftyfinance #OptionsTrading #optiontrading #optionkipathshala #OptionChain #optiontrading #optionbuying #niftyoptions #Niftyfutures #NIFTYIT #nifty #zerodha #hdfcbank #Reliance #ICICIBank #ICICI #sbin #hdfcbank #kotak https://t.co/7oCkTz73r4",414,1/5/2023,17:27:20+00:00
283,shivadvaita,2023-01-05 17:23:36+00:00,2,Twitter for Android,"тВ╣ will close arround тВ╣90/1$ in December 2023. #Xinvest

#USDINR #Gold #Silver #Bitcoin #forexsignal #HPCL #BPCL #IOC #Reliance #Infosys #TCS #inflation",0,1/5/2023,17:23:36+00:00
284,itradebrains,2023-01-05 17:16:07+00:00,0,Twitter Web App,"Nifty Walls - Top 5 Call Max OI Strikes Vs Top 5 Put Max OI Strikes Dated 05/01/2023

#nifty50 #zerodha #hdfcbank #Reliance #ICICIBank #ICICI #sbin #Infosys #WIPRO #LTIMindtree #KOTAKBANK #BANKBARODA #ADANIENT #SunPharma #NIFTYIT #NIFTYFUTURE #OptionsTrading #optionselling https://t.co/tz2gB3qmlj",414,1/5/2023,17:16:07+00:00
285,bqprime,2023-01-05 17:15:30+00:00,12,TweetDeck,"#RelianceIndustries' Chairman #MukeshAmbani will be focusing his attention on the Indian conglomerateтАЩs pivot to #greenenergy. 

https://t.co/72HJxmJFs9",295178,1/5/2023,17:15:30+00:00
286,itradebrains,2023-01-05 17:14:36+00:00,2,Twitter Web App,"Nifty Scorecard Dated 05/01/2023

#nifty50 #zerodha #hdfcbank #Reliance #ICICIBank #ICICI #sbin #KotakMahindraBank #Infosys #WIPRO #LTIMindtree #KOTAKBANK #BANKBARODA #adaniports #ADANIENT #SunPharma #DIVISLAB #tvsmotor #reliancejio #banknifty #NIFTYIT #NIFTYFUTURE #NiftyBank https://t.co/wJaeh9MUgD",414,1/5/2023,17:14:36+00:00
287,niveyshak,2023-01-05 16:37:37+00:00,8,Twitter Web App,#Reliance  Rating Update https://t.co/cl7QHV3FYY,9574,1/5/2023,16:37:37+00:00
288,rahuldewasi___,2023-01-05 16:06:43+00:00,7,Twitter for Android,"рдЙрддреНрддрд░ рдкреНрд░рджреЗрд╢ рдХреЗ рд╕реАрдПрдо рдпреЛрдЧреА рдЖрджрд┐рддреНрдпрдирд╛рде рдиреЗ рдореБрдВрдмрдИ рдХреЗ рддрд╛рдЬ рд╣реЛрдЯрд▓ рдореЗрдВ рд░рд┐рд▓рд╛рдпрдВрд╕ рдЗрдВрдбрд╕реНрдЯреНрд░реАрдЬ рдХреЗ рдЪреЗрдпрд░рдореИрди рдФрд░ рдкреНрд░рдмрдВрдзрдХ рдирд┐рджреЗрд╢рдХ рдореБрдХреЗрд╢ рдЕрдВрдмрд╛рдиреА рд╕реЗ рдХреА рдореБрд▓рд╛рдХрд╛рддред
#CMYogi #MukeshAmbani #Reliance @myogiadityanath https://t.co/WpJNYdP7oB",701,1/5/2023,16:06:43+00:00
289,Jay43makwana,2023-01-05 16:02:01+00:00,1,Twitter Web App,#Reliance https://t.co/QsUJbv9DpJ,51,1/5/2023,16:02:01+00:00
290,AvtarSghMatharu,2023-01-05 15:56:20+00:00,2,Twitter for Android,"@TA_Purvesh @TA_Purvesh sir will #Reliance next move will decide future of #Nifty 

#TeamGarreb https://t.co/qfoX5JfE90",126,1/5/2023,15:56:20+00:00
291,News18Ladakh,2023-01-05 15:53:34+00:00,6,Twitter Web App,"UP CM Yogi Adityanath met Reliance Industries Chairman &amp; MD Mukesh Ambani today at Hotel Taj in Mumbai.
They discussed on UPтАЩs progress as IndiaтАЩs Growth Engine &amp; investment opportunities in the UP
@_MukeshAmbani
@myogiadityanath
#MukeshAmbani #YogiAdityanath #RelianceIndustries https://t.co/xO1CRBRHxy",161,1/5/2023,15:53:34+00:00
292,SonnyAbraham,2023-01-05 15:51:43+00:00,0,Twitter Web App,Hamdard Food Park Cluster to come up in Reliance Model Economic Township at Jhajjar https://t.co/WIdkAnWjoT #Reliance #ModelEconomicTownship #Jhajjar #Haryana #Hamdard #FoodParkCluster @netindian,62,1/5/2023,15:51:43+00:00
293,News18Jammu,2023-01-05 15:51:20+00:00,8,Twitter Web App,"рдЙрддреНрддрд░ рдкреНрд░рджреЗрд╢ рдХреЗ CM рдпреЛрдЧреА рдЖрджрд┐рддреНрдпрдирд╛рде рдиреЗ рдЖрдЬ рдореБрдВрдмрдИ рдХреЗ рд╣реЛрдЯрд▓ рддрд╛рдЬ рдореЗрдВ рд░рд┐рд▓рд╛рдпрдВрд╕ рдЗрдВрдбрд╕реНрдЯреНрд░реАрдЬ рдХреЗ рдЪреЗрдпрд░рдореИрди рд╡ MD рдореБрдХреЗрд╢ рдЕрдВрдмрд╛рдиреА рд╕реЗ рдХреА рдореБрд▓рд╛рдХрд╛рдд 
рднрд╛рд░рдд рдХреЗ рдЧреНрд░реЛрде рдЗрдВрдЬрди рдХреЗ рд░реВрдк рдореЗрдВ рдпреВрдкреА рдХреА рдкреНрд░рдЧрддрд┐ рдФрд░ рд░рд╛рдЬреНрдп рдореЗрдВ рдирд┐рд╡реЗрд╢ рдХреЗ рдЕрд╡рд╕рд░реЛрдВ рдкрд░ рдХреА рдЧрдИ рдЪрд░реНрдЪрд╛...

#MukeshAmbani #YogiAdityanath #RelianceIndustries #TajPalace https://t.co/VUl1DIeiOD",6398,1/5/2023,15:51:20+00:00
294,market_advi,2023-01-05 15:50:49+00:00,1,Twitter Web App,Reliance and HDFC Bank Levels for Friday 6.01.2023. Let's see what happens.ЁЯШОтЬМя╕П#reliance #hdfcbank https://t.co/150nnavzXZ,51,1/5/2023,15:50:49+00:00
295,News18Himachal,2023-01-05 15:50:45+00:00,2,Twitter Web App,"рдЙрддреНрддрд░ рдкреНрд░рджреЗрд╢ рдХреЗ CM рдпреЛрдЧреА рдЖрджрд┐рддреНрдпрдирд╛рде рдиреЗ рдЖрдЬ рдореБрдВрдмрдИ рдХреЗ рд╣реЛрдЯрд▓ рддрд╛рдЬ рдореЗрдВ рд░рд┐рд▓рд╛рдпрдВрд╕ рдЗрдВрдбрд╕реНрдЯреНрд░реАрдЬ рдХреЗ рдЪреЗрдпрд░рдореИрди рд╡ MD рдореБрдХреЗрд╢ рдЕрдВрдмрд╛рдиреА рд╕реЗ рдХреА рдореБрд▓рд╛рдХрд╛рдд 
рднрд╛рд░рдд рдХреЗ рдЧреНрд░реЛрде рдЗрдВрдЬрди рдХреЗ рд░реВрдк рдореЗрдВ рдпреВрдкреА рдХреА рдкреНрд░рдЧрддрд┐ рдФрд░ рд░рд╛рдЬреНрдп рдореЗрдВ рдирд┐рд╡реЗрд╢ рдХреЗ рдЕрд╡рд╕рд░реЛрдВ рдкрд░ рдХреА рдЧрдИ рдЪрд░реНрдЪрд╛...
#MukeshAmbani #YogiAdityanath #RelianceIndustries #TajPalace https://t.co/yjuF6RodBs",17454,1/5/2023,15:50:45+00:00
296,News18Kashmir,2023-01-05 15:48:04+00:00,3,Twitter Web App,"UP CM Yogi Adityanath met Reliance Industries Chairman &amp; MD Mukesh Ambani today at Hotel Taj in Mumbai.
They discussed on UPтАЩs progress as IndiaтАЩs Growth Engine &amp; investment opportunities in UP...

@reliancegroup
@myogiadityanath
#MukeshAmbani #YogiAdityanath #RelianceIndustries https://t.co/UJc7Btb81A",10291,1/5/2023,15:48:04+00:00
297,itssankar,2023-01-05 15:44:21+00:00,0,Twitter for iPhone,"#JioCinema #reliance Dear Jio cinema how many times we have to start same movie from beginning??itтАЩs quite irritating, hope you know that",27,1/5/2023,15:44:21+00:00
298,FIROJKHAN_23,2023-01-05 15:37:39+00:00,0,Twitter for Android,"Very bad Network Last 3 week and not listen by any one for solutions 

So I suggest other don't by jio because he want only customer but he does not keep customers happy

#RelianceJio
#Reliance",4,1/5/2023,15:37:39+00:00
299,middaygujarati,2023-01-05 15:30:00+00:00,0,TweetDeck,"рк░рк┐рк▓рк╛ркпркирлНрк╕рлЗ ркЧрлБркЬрк░рк╛ркдркирлА рлзрлжрлж рк╡рк░рлНрк╖ ркЬрлВркирлА ркмрлЗрк╡рк░рлЗркЬрк┐рк╕ ркХркВрккркирлА рк╕рлЛрк╕рлНркпрлЛркирлЗ рк╣рк╕рлНркдркЧркд ркХрк░рлА

#Gujaratimidday #middaynews #business #BusinessMan #BusinessNews #beverages #Reliance

https://t.co/VMImj0mhr1",3485,1/5/2023,15:30:00+00:00
300,Kiran_Khedekar,2023-01-05 15:15:33+00:00,0,Twitter for iPhone,"Poll Time- 

#Sensex #Nifty #SGXNifty #Nasdaq #DowJones #DJIA #stockmarketcrash #BankNifty #Reliance #Titan #Infosys #ITC #TCS #HDFC #ICICI #TVS #psubanks #PSE #IOB #hdfcbank #AxisBank #StocksToTrade #StockMarket #StocksToBuy #GPPL #NiftyBank #NIFTYPSE #NIFTYMETAL",415,1/5/2023,15:15:33+00:00
301,MarketN82084743,2023-01-05 15:14:25+00:00,0,Twitter Web App,"Market Analy.
Date #5Jan2023
Top Traded Stock Under #NSE500 #tradingsetup #ArtificialIntelligence #investing  #BAJFINANCE #ICICIBANK #INFY #BAJAJFINSV #TATASTEEL #RELIANCE #HDFCBANK #AXISBANK #BHARTIARTL #SBIN #ITC #TATAMOTORS #YESBANK #HDFC #TCS

#StocksMarket #StockMarketindia https://t.co/riyf1hPhZF",24,1/5/2023,15:14:25+00:00
302,The_Informerr,2023-01-05 15:11:59+00:00,1,Twitter for Android,"рдореБрдореНрдмрдИ рдореЗрдВ #RelianceIndustries рдХреЗ рдЪреЗрдпрд░рдореИрди рдореБрдХреЗрд╢ рдЕрдВрдмрд╛рдиреА рд╕реЗ рдорд┐рд▓реЗ рдпреВрдкреА рдХреЗ рд╕реАрдПрдо рдпреЛрдЧреА рдЖрджрд┐рддреНрдпрдирд╛рде, рдЙрддреНрддрд░ рдкреНрд░рджреЗрд╢ рдХреЗ рдФрджреНрдпреЛрдЧрд┐рдХ рд╡рд┐рдХрд╛рд╕ рдФрд░ рдирд┐рд╡реЗрд╢ рдХреЛ рд▓реЗрдХрд░ рд╣реБрдИ рдЪрд░реНрдЪрд╛
#UttarPradesh #YogiAdityanath #MukeshAmbani",602,1/5/2023,15:11:59+00:00
303,AbhisheKatyayan,2023-01-05 15:11:14+00:00,4,Twitter for Android,"рдореБрдореНрдмрдИ рдореЗрдВ #RelianceIndustries рдХреЗ рдЪреЗрдпрд░рдореИрди рдореБрдХреЗрд╢ рдЕрдВрдмрд╛рдиреА рд╕реЗ рдорд┐рд▓реЗ рдпреВрдкреА рдХреЗ рд╕реАрдПрдо рдпреЛрдЧреА рдЖрджрд┐рддреНрдпрдирд╛рде, рдЙрддреНрддрд░ рдкреНрд░рджреЗрд╢ рдХреЗ рдФрджреНрдпреЛрдЧрд┐рдХ рд╡рд┐рдХрд╛рд╕ рдФрд░ рдирд┐рд╡реЗрд╢ рдХреЛ рд▓реЗрдХрд░ рд╣реБрдИ рдЪрд░реНрдЪрд╛
#UttarPradesh #YogiAdityanath #MukeshAmbani",7052,1/5/2023,15:11:14+00:00
304,VistaraNews,2023-01-05 15:02:22+00:00,0,Twitter Web App,"Jio True 5G | р▓Тр▓бр▓┐р▓╢р▓╛р▓ж р▓нр│Бр▓╡р▓ир│Зр▓╢р│Нр▓╡р▓░, р▓Хр▓Яр▓Хр│НтАМр▓ир▓▓р│Нр▓▓р▓┐ р▓Ир▓Ч р▓Ьр▓┐р▓пр│Л 5р▓Ьр▓┐ р▓╕р│Зр▓╡р│Ж р▓▓р▓нр│Нр▓п

#JioTrue5G #Reliance #Odisha #Jio #р▓╡р▓┐р▓╕р│Нр▓др▓╛р▓░р▓ир│Нр▓пр│Вр▓╕р│Н #vistaranewskannada #vistaranews

https://t.co/ZwML5jk74j",927,1/5/2023,15:02:22+00:00
305,Money9Gujarati,2023-01-05 14:58:27+00:00,1,Twitter Web App,"ркЕркВркмрк╛ркгрлА рккрк░рк┐рк╡рк╛рк░-рк╣ркЬрлВрк░рлА рккрк░рк┐рк╡рк╛рк░ ркмркирлНркпрк╛ ркнрк╛ркЧрлАркжрк╛рк░

рк░рк┐рк▓рк╛ркпркирлНрк╕рлЗ SOSYOркорк╛ркВ рк▓рлАркзрлЛ 50% рк╣рк┐рк╕рлНрк╕рлЛ 

#reliance #sosyo #ishaambani #mukeshambani #ambani #relianceretail #beverage #softdrinks  #gujaratinews #money9gujarati #finance #business #gujaratbuses 

https://t.co/zW0khqNm0W",32,1/5/2023,14:58:27+00:00
306,Shwetaa_Negi,2023-01-05 14:50:21+00:00,44,Twitter for Android,"CM рдпреЛрдЧреА рдиреЗ рдХреА рдореБрдХреЗрд╢ рдЕрдВрдмрд╛рдиреА рд╕реЗ рдХреА рдореБрд▓рд╛рдХрд╛рдд, рдХрд╣рд╛- UP рдореЗрдВ рдирд┐рд╡реЗрд╢ рдХреАрдЬрд┐рдП...рд╕реБрд░рдХреНрд╖рд╛ рдХреА рдЧрд╛рд░рдВрдЯреА рд▓реЗрдЧреА рд╕рд░рдХрд╛рд░ 

#YogiAdityanath #MukeshAmbani #Reliance #UttarPradesh https://t.co/r5KZ80AZks",5250,1/5/2023,14:50:21+00:00
307,jschanan,2023-01-05 14:47:46+00:00,0,Twitter Web App,#Reliance #Jio,2623,1/5/2023,14:47:46+00:00
308,unknownn_raja,2023-01-05 14:45:13+00:00,1,Twitter Web App,"#UttarPradesh
CM Yogi Baba met #Reliance Industries Chairman &amp; Managing Director #MukeshAmbani at Hotel Taj in Mumbai. https://t.co/vKemvGNYh7",117,1/5/2023,14:45:13+00:00
309,kamisama_kotoba,2023-01-05 14:33:28+00:00,0,twittbot.net,"I part with the belief ""I never believe"".

уАМф┐буБШуБкуБДуАНуБиуБДуБЖф┐бх┐╡уВТцЙЛцФ╛уБЩуАВ
#reliance #OnLine #TheCreation #ecstasy 
https://t.co/DvwMQM0wCY",5746,1/5/2023,14:33:28+00:00
310,shalaa_finance,2023-01-05 14:14:20+00:00,3,Twitter for Android,"ЁЯЪиCM Yogi Adityanath met Reliance Industries Chairman &amp; Managing Director Mukesh Ambani at Hotel Taj in Mumbai.

#YogiAdityanath 
#MukeshAmbani 
#UpGlobalSummit2022 
#Reliance https://t.co/EnzHXjKhlu",4,1/5/2023,14:14:20+00:00
311,thearvart,2023-01-05 14:10:35+00:00,1,Twitter for Android,"Worst product ek dum ghatiya bakwas kachra jio book ( laptop ) Delhi k chor bazar se 1000 mai lekar тВ╣ 15000 mai sell kar raha hai jio shayad #jiobook
#Jiodown #JioTrue5G #jio5g #Reliance #RelianceJio",4703,1/5/2023,14:10:35+00:00
312,oneindiaHindi,2023-01-05 14:06:17+00:00,16,Twitter Web App,"рд░рд┐рд▓рд╛рдпрдВрд╕ рдиреЗ рдЦрд░реАрджреА рдПрдХ рдФрд░ рдмреЗрд╡рд░реЗрдЬ рдХрдВрдкрдиреА
#Reliance https://t.co/0lv5sIEm5g",69345,1/5/2023,14:06:17+00:00
313,the_news_21,2023-01-05 14:01:03+00:00,2,Twitter for Android,#UttarPradesh CM #YogiAdityanath met #Reliance Industries Chairman &amp; Managing Director #MukeshAmbani at Hotel Taj in #Mumbai. https://t.co/d0Vm7tbbvh,1430,1/5/2023,14:01:03+00:00
314,DelhiMirrorNews,2023-01-05 14:00:57+00:00,0,Twitter for Android,рдореБрдВрдмрдИ : рд░рд┐рд▓рд╛рдпрдВрд╕ рдЗрдВрдбрд╕реНрдЯреНрд░реАрдЬ рдХреЗ рдЪреЗрдпрд░рдореИрди рдореБрдХреЗрд╢ рдЕрдВрдмрд╛рдиреА рдиреЗ рдЖрдЬ рд╕реАрдПрдо рдпреЛрдЧреА рдЖрджрд┐рддреНрдпрдирд╛рде рд╕реЗ рдореБрд▓рд╛рдХрд╛рдд рдХреА.рд╕реАрдПрдо рдпреЛрдЧреА рдиреЗ рдЙрдиреНрд╣реЗрдВ рдпреВрдкреА рдЧреНрд▓реЛрдмрд▓ рдЗрдиреНрд╡реЗрд╕реНрдЯрд░реНрд╕ рд╕рдорд┐рдЯ 2023 рдореЗрдВ рдЖрдиреЗ рдХрд╛ рдиреНрдпреЛрддрд╛ рджрд┐рдпрд╛ !! #News #DelhiMirror @myogiadityanath #Meeting #RelianceIndustries #MukeshAmbani #Mumbai #Maharashtra https://t.co/eD5WDq2hV3,65,1/5/2023,14:00:57+00:00
315,upmirrornews,2023-01-05 14:00:25+00:00,0,Twitter for Android,рдореБрдВрдмрдИ : рд░рд┐рд▓рд╛рдпрдВрд╕ рдЗрдВрдбрд╕реНрдЯреНрд░реАрдЬ рдХреЗ рдЪреЗрдпрд░рдореИрди рдореБрдХреЗрд╢ рдЕрдВрдмрд╛рдиреА рдиреЗ рдЖрдЬ рд╕реАрдПрдо рдпреЛрдЧреА рдЖрджрд┐рддреНрдпрдирд╛рде рд╕реЗ рдореБрд▓рд╛рдХрд╛рдд рдХреА.рд╕реАрдПрдо рдпреЛрдЧреА рдиреЗ рдЙрдиреНрд╣реЗрдВ рдпреВрдкреА рдЧреНрд▓реЛрдмрд▓ рдЗрдиреНрд╡реЗрд╕реНрдЯрд░реНрд╕ рд╕рдорд┐рдЯ 2023 рдореЗрдВ рдЖрдиреЗ рдХрд╛ рдиреНрдпреЛрддрд╛ рджрд┐рдпрд╛ !! #News #UPMirror @myogiadityanath #Meeting #RelianceIndustries #MukeshAmbani #Mumbai #maharashtra https://t.co/Iz5FbI3nW2,6,1/5/2023,14:00:25+00:00
316,AgraMirror,2023-01-05 14:00:08+00:00,0,Twitter for Android,рдореБрдВрдмрдИ : рд░рд┐рд▓рд╛рдпрдВрд╕ рдЗрдВрдбрд╕реНрдЯреНрд░реАрдЬ рдХреЗ рдЪреЗрдпрд░рдореИрди рдореБрдХреЗрд╢ рдЕрдВрдмрд╛рдиреА рдиреЗ рдЖрдЬ рд╕реАрдПрдо рдпреЛрдЧреА рдЖрджрд┐рддреНрдпрдирд╛рде рд╕реЗ рдореБрд▓рд╛рдХрд╛рдд рдХреА.рд╕реАрдПрдо рдпреЛрдЧреА рдиреЗ рдЙрдиреНрд╣реЗрдВ рдпреВрдкреА рдЧреНрд▓реЛрдмрд▓ рдЗрдиреНрд╡реЗрд╕реНрдЯрд░реНрд╕ рд╕рдорд┐рдЯ 2023 рдореЗрдВ рдЖрдиреЗ рдХрд╛ рдиреНрдпреЛрддрд╛ рджрд┐рдпрд╛ !! #News #AgraMirror @myogiadityanath #Meeting #RelianceIndustries #MukeshAmbani #Mumbai #maharashtra https://t.co/7BuwTkIBkU,681,1/5/2023,14:00:08+00:00
317,AshishMisraRBL,2023-01-05 13:49:07+00:00,41,Twitter for Android,"CM рдпреЛрдЧреА рдиреЗ рдХреА рдореБрдХреЗрд╢ рдЕрдВрдмрд╛рдиреА рд╕реЗ рдореБрд▓рд╛рдХрд╛рдд, рдХрд╣рд╛- UP рдореЗрдВ рдирд┐рд╡реЗрд╢ рдХреАрдЬрд┐рдП...рд╕реБрд░рдХреНрд╖рд╛ рдХреА рдЧрд╛рд░рдВрдЯреА рд▓реЗрдЧреА рд╕рд░рдХрд╛рд░ 

#YogiAdityanath #MukeshAmbani #Reliance #UttarPradesh https://t.co/Mh36txKOtC",2685,1/5/2023,13:49:07+00:00
318,sureshsinghj,2023-01-05 13:42:54+00:00,5,Twitter for Android,"рдореБрдЦреНрдпрдордВрддреНрд░реА  рдпреЛрдЧреА рдЖрджрд┐рддреНрдпрдирд╛рде рдиреЗ рдореБрдВрдмрдИ рдХреЗ рддрд╛рдЬ рд╣реЛрдЯрд▓ рдореЗрдВ рд░рд┐рд▓рд╛рдпрдВрд╕ рдЗрдВрдбрд╕реНрдЯреНрд░реАрдЬ рдХреЗ рдЪреЗрдпрд░рдореИрди рдФрд░ рдкреНрд░рдмрдВрдзрдХ рдирд┐рджреЗрд╢рдХ рдореБрдХреЗрд╢ рдЕрдВрдмрд╛рдиреА рд╕реЗ рдореБрд▓рд╛рдХрд╛рдд рдХрд┐рдпрд╛ред

#CMYogi #MukeshAmbani #Reliance https://t.co/848ULO4FWK",2441,1/5/2023,13:42:54+00:00
319,jay_b2427,2023-01-05 13:42:28+00:00,0,Twitter Web App,"Market View 06 Jan
#nifty #banknifty #Reliance #hdfclife 
#hdfcbank #StocksToBuy #StocksToSell 

https://t.co/7vykOLZB3F https://t.co/YYZoym59Po",2040,1/5/2023,13:42:28+00:00
320,leadoffhq,2023-01-05 13:32:57+00:00,4,Twitter Web App,"Reliance consumer products announced that it would acquire a 50% equity stake in Sosyo Hajoori Beverages.

Visit us: https://t.co/jsOEBXdyPY

#Bengaluru #StockMarket #Reliance #Merge #acquisition #FMCG https://t.co/eouHHRf51X",1388,1/5/2023,13:32:57+00:00
321,KhulasaIndia,2023-01-05 13:32:40+00:00,1,Twitter for Android,"рдЙрддреНрддрд░ рдкреНрд░рджреЗрд╢ рдХреЗ рд╕реАрдПрдо рдпреЛрдЧреА рдЖрджрд┐рддреНрдпрдирд╛рде рдиреЗ рдореБрдВрдмрдИ рдХреЗ рддрд╛рдЬ рд╣реЛрдЯрд▓ рдореЗрдВ рд░рд┐рд▓рд╛рдпрдВрд╕ рдЗрдВрдбрд╕реНрдЯреНрд░реАрдЬ рдХреЗ рдЪреЗрдпрд░рдореИрди рдФрд░ рдкреНрд░рдмрдВрдзрдХ рдирд┐рджреЗрд╢рдХ рдореБрдХреЗрд╢ рдЕрдВрдмрд╛рдиреА рд╕реЗ рдХреА рдореБрд▓рд╛рдХрд╛рддред
#CMYogi #MukeshAmbani #Reliance https://t.co/9jl1EwDXLD",1388,1/5/2023,13:32:40+00:00
322,rajneeti_times,2023-01-05 13:31:02+00:00,0,Twitter for Android,"#RelianceIndustries рдХреЗ рдорд╛рд▓рд┐рдХ рд╢реНрд░реА рдореБрдХреЗрд╢ рдЕрдВрдмрд╛рдиреА рдореБрдВрдмрдИ рдореЗрдВ рдЙрддреНрддрд░рдкреНрд░рджреЗрд╢ рдХреЗ рдореБрдЦреНрдпрдордВрддреНрд░реА рд╢реНрд░реА @myogiadityanath рд╕реЗ рднреЗрдВрдЯ рдХреА рддрдерд╛ рдкреНрд░рджреЗрд╢ рдореЗрдВ рдЗрдирд╡реЗрд╕реНрдЯрдореЗрдВрдЯ рдХреЛ рд▓реЗрдХрд░ рдЪрд░реНрдЪрд╛ рд╣реБрдИ. 
#upglobalinvestorssummit #YogiAdityanath #MukeshAmbani https://t.co/9fEhSBjHOs",289,1/5/2023,13:31:02+00:00
323,jais_george,2023-01-05 13:30:20+00:00,0,ETRetail.com,Microsoft is now building global products in India: CEO Satya Nadella #Microsoft #Nadella #India #VirtualReality #Upi #UnitedPaymentsInterface #Metaverse #TataDigital #RelianceIndustries #Internet #MicrosoftIndia  https://t.co/UdO3z6Gxwm,752,1/5/2023,13:30:20+00:00
324,ETRetail,2023-01-05 13:30:05+00:00,1,ETRetail.com,Indian consumers in no rush for faster grocery deliveries: Survey #GroceryDelivery #QuickCommerce #Swiggy #Localcircles #Dunzo #SwiggyInstamart #Bigbasket #Reliance  https://t.co/6nhcBTF9Zg,31635,1/5/2023,13:30:05+00:00
325,UPTakOfficial,2023-01-05 13:27:31+00:00,142,Twitter Web App,"рдЙрддреНрддрд░ рдкреНрд░рджреЗрд╢ рдХреЗ рд╕реАрдПрдо рдпреЛрдЧреА рдЖрджрд┐рддреНрдпрдирд╛рде рдиреЗ рдореБрдВрдмрдИ рдХреЗ рддрд╛рдЬ рд╣реЛрдЯрд▓ рдореЗрдВ рд░рд┐рд▓рд╛рдпрдВрд╕ рдЗрдВрдбрд╕реНрдЯреНрд░реАрдЬ рдХреЗ рдЪреЗрдпрд░рдореИрди рдФрд░ рдкреНрд░рдмрдВрдзрдХ рдирд┐рджреЗрд╢рдХ рдореБрдХреЗрд╢ рдЕрдВрдмрд╛рдиреА рд╕реЗ рдХреА рдореБрд▓рд╛рдХрд╛рддред
#CMYogi #MukeshAmbani #Reliance https://t.co/D7tzpERbEZ",68645,1/5/2023,13:27:31+00:00
326,GaonkarAnkush,2023-01-05 13:20:09+00:00,0,Twitter Web App,"@chartians What about this ?
#Reliance #Nifty50 https://t.co/Np5ecBIKRw",165,1/5/2023,13:20:09+00:00
327,market_advi,2023-01-05 13:20:05+00:00,1,Twitter Web App,"ЁЯФеIncredible ЁЯШО Support And Resistance  (Reliance) #reliance 05.01.2023
After Market Levels Performance. https://t.co/lPBrP10tED",51,1/5/2023,13:20:05+00:00
328,DwivediGulshan,2023-01-05 13:03:02+00:00,21,Twitter for Android,"#Mumbai рдпреВрдкреА рдХреЗ рд╕реАрдПрдо рдпреЛрдЧреА рдЖрджрд┐рддреНрдпрдирд╛рде рд╕реЗ рдЧреБрд░реБрд╡рд╛рд░ рдХреЛ рд╣реЛрдЯрд▓ рддрд╛рдЬ рдореЗрдВ рдЙрджреНрдпреЛрдЧрдкрддрд┐ рдореБрдХреЗрд╢ рдЕрдВрдмрд╛рдиреА рдиреЗ рдХреА рдореБрд▓рд╛рдХрд╛рдд @inextlive @Dharmendra_Lko 
#GIS #RelianceIndustries #MukeshAmbani @myogiadityanath https://t.co/YuaFn9E4h7",914,1/5/2023,13:03:02+00:00
329,MashableIndia,2023-01-05 12:55:00+00:00,0,Buffer,"Mukesh Ambani Is Betting On THIS To Dominate The Next Decade With Reliance Scions 
#Reliance #MukeshAmbani #IshaAmbani #AnantAmbani #AkashAmbani #KaranAdani #Business
https://t.co/3Ouv4YUU3y",4399,1/5/2023,12:55:00+00:00
330,DaboyaPvt,2023-01-05 12:50:22+00:00,0,Twitter Web App,#NEWS #Reliance #Tata #ITC #MukeshAmbani #Ambani #Startup #DT #Independence #FMCG #Daboya #Daboyatechnologies,19,1/5/2023,12:50:22+00:00
331,reflection_RUSD,2023-01-05 12:49:06+00:00,2,Twitter Web App,"US Stock Market Recap 2022ЁЯЪА

Watch our Report of Sector-wise Yearly Returns

For More Info Join Our Reflection Communityтд╡я╕П
https://t.co/dIucDJlWeH

#Reflection #Blockchain #Cryptocurrency #Crypto #Trader #tokenizedstock #DIA #RELIANCE #BerkshireHathaway #StableCoins #trading https://t.co/ZddwujqwEU",230,1/5/2023,12:49:06+00:00
332,AbhipraGroup,2023-01-05 12:30:37+00:00,0,Abhipra Market Updates,"#RelianceIndustries $RELIANCE Daily #Stock Chart with 50 days #Fibonacci Retracement Levels
Fibonacci #Support Levels 2508.84, 2501.75, 2432.8
Fibonacci #Resistance Levels 2555.88, 2593.9, 2631.92
Open account at https://t.co/giz54B9qdU and start #investing in #StockMarket https://t.co/CKpcKXFXQA",736,1/5/2023,12:30:37+00:00
333,middaygujarati,2023-01-05 12:19:21+00:00,0,Twitter Web App,"Reliance: ркорлБркХрлЗрк╢ ркЕркВркмрк╛ркгрлА рк╕ркВркнрк╛рк│рк╢рлЗ ркЧрлНрк░рлАрки ркПркирк░рлНркЬрлА, рк╕ркВркдрк╛ркирлЛ рккрк░ ркЕркирлНркп ркмрк┐ркЭркирлЗрк╕ркирлА ркЬрк╡рк╛ркмркжрк╛рк░рлА

#middaynews #business #BusinessMan #BusinessNews #RelianceIndustries #Reliance #MukeshAmbani #dhirubhaiambani #anantambani #akashambani #ShlokaMehta #greenenergy #ishaambani 

https://t.co/dCBPra15gU https://t.co/mJNNCbGR8E",3485,1/5/2023,12:19:21+00:00
334,bollywooddotcom,2023-01-05 12:09:13+00:00,0,Twitter for iPhone,"New House of Manoj Modi Employee of Reliance. Cost ~$175 million or INR 1500 crores, 22 floors &amp; gifted by businessman Mukesh Ambani. The Inside Story.

#ril #relianceindustries #jiomobile #jiomart #retail  https://t.co/PUkaWodxvV",21854,1/5/2023,12:09:13+00:00
335,TheSensex,2023-01-05 12:07:54+00:00,3,Twitter for iPhone,"RELIANCE ЁЯУИ

ЁЯФ╕Two trendlines making one Common Support ЁЯФе
ЁЯФ╕Near Long term Support too
ЁЯФ╕Good Bounce possible from Trendline or in Near term soon, 

Watch Closely тЬЕ

#Reliance #StockMarket #stocks #StocksToBuy #investor https://t.co/Ofu1AZXEqb",1246,1/5/2023,12:07:54+00:00
336,jais_george,2023-01-05 12:00:17+00:00,0,ETRetail.com,Cybersecurity and network engineers among most sought after job profiles in telecom in 2023 #NetworkSecurity #Healthcare #Airtel #CloudComputing #DataScientists #BhartiAirtel #VodafoneIdea #Reliance #Airtel  https://t.co/EbKF38Dw9A,752,1/5/2023,12:00:17+00:00
337,tanosiisupi_bot,2023-01-05 12:00:11+00:00,3,twittbot.net,"I trust the guidance of Soul.
I flow down the river of Life.

щнВуБох░ОуБНуВТф┐бща╝
ф║║чФЯуБох╖ЭуВТц╡БуВМф╕ЛуБгуБжуВЖуБП

Now is all.

ф╗КуБМч╖ПуБж
#GoingDownstream #reliance #Soul #NowIsAll
https://t.co/PkzxSOY1s0",5321,1/5/2023,12:00:11+00:00
338,sakshinews,2023-01-05 11:57:05+00:00,1,Twitter Web App,"р░░р░┐р░▓р░пр░ир▒Нр░╕р▒НтАМ р░Хр░┐р░Яр▒Нр░Яр▒Ар░▓р▒Л р░╕р▒Лр░╕р▒Нр░пр▒Л р░бр▒Нр░░р░┐р░Вр░Хр▒НтАМ
https://t.co/VawIy1Upv3
#Reliance #RelianceIndustries #BusinessNews",176107,1/5/2023,11:57:05+00:00
339,govindjobs,2023-01-05 11:48:43+00:00,0,Twitter for Android,"ЁЯФ┤Reliance Jewels is Hiring
ЁЯСЙApply Here =&gt; https://t.co/BxBidvbAyP
ЁЯСЙTelegram Link =&gt; https://t.co/g3ZAVW7zb0

#Reliance #jewels #hiring https://t.co/NewlTx7IYx",16243,1/5/2023,11:48:43+00:00
340,Spy9rock,2023-01-05 11:42:07+00:00,0,Twitter for Android,"Bloomberg: Mukesh Ambani Drives $75 Billion Reliance Green Bet With Children Heading Units. #reliance 
https://t.co/33I6hoz5jT

via @GoogleNews",350,1/5/2023,11:42:07+00:00
341,Oneindia,2023-01-05 11:40:31+00:00,0,Twitter Web App,"Unknown Facts About Mukesh Ambani's 15,000 Crores Antilia !!
#MukeshAmbani #Reliance #antilia #mumbai 

https://t.co/NiiHIeyBmQ",66904,1/5/2023,11:40:31+00:00
342,SwyomCapital,2023-01-05 11:39:07+00:00,1,Twitter Web App,"Here is a list of the top tax-paying companies in India in the fiscal year 2022. (FY22).

#swyomcapital #wealthmanagement #money #income #hasslefree #highesttaxpayingcompanies #reliance #equity #growth #financialservices #taxpayers #infosys #icici #tatasteel #TCS #financeadvisor",52,1/5/2023,11:39:07+00:00
343,dellyranksindia,2023-01-05 11:33:57+00:00,1,FS POSTER - Twitter App,"Jio signs deal with Manchester City to become mobile communications network partner in India #akashambani #city #Jio #JioPlatformsLimited #jioengage #mancity #Reliance #reliancejioinfocommlimited #rise #RISEWorldwide https://t.co/Rf23YGKmNT
https://t.co/8rmMx9QlHA",420,1/5/2023,11:33:57+00:00
344,finastrocycles,2023-01-05 11:31:05+00:00,7,Twitter Web App,"#Nifty #Banknifty in January 2023 #Reliance #HDFCBANK #GANN #financialastrology  #stockmarketindia #astrologyforstocks 

https://t.co/WeoQxpRNsw via @YouTube",7216,1/5/2023,11:31:05+00:00
345,bqprime,2023-01-05 11:15:30+00:00,3,TweetDeck,"#RelianceIndustries' Chairman #MukeshAmbani will be focusing his attention on the Indian conglomerateтАЩs pivot to green energy.

https://t.co/72HJxmJFs9",295178,1/5/2023,11:15:30+00:00
346,digital_prizm,2023-01-05 11:15:01+00:00,0,Cloud Campaign,"To support the 17th Edition of the Pravasi Bharatiya Divas and Global Investors Summit to be held in Indore in January 2023, Reliance Jio confirms the launch of True 5G in Indore and Bhopal. 

#5gIndia #5gnetwork #reliance #reliancejio #mukeshambani #reliancedigital #indianews https://t.co/pV6AWCgcOd",3,1/5/2023,11:15:01+00:00
347,GajjalaNaveen99,2023-01-05 11:12:05+00:00,5,Twitter for Android,"One of the fake and worst company @RelianceDigital shows insta delivery but still not received Dear @JioCare @reliancejio please cancel my order and refund immediately ?

Order ID : RDF46065492 

#FakeReliance #FakeCompany #jio #Reliance #india",90,1/5/2023,11:12:05+00:00
348,Bigul_trading,2023-01-05 10:50:56+00:00,1,Twitter Web App,"Evening Market Set Up:
#Nifty ended below the psychological mark of 18000 in todayтАЩs trade led by selling in a few index heavyweights like #Bajaj twins and #HDFC twins followed by other stocks like #Reliance. 
Bajaj Finance #NiftyBank #BajajFinance",124,1/5/2023,10:50:56+00:00
349,bqprime,2023-01-05 10:45:30+00:00,1,TweetDeck,"From complex asset pooling and low-ball offers to a rather fashionable e-auction, everything has been tried in this insolvency. #Reliance 

Read @Vishwanath4389's report.

https://t.co/JYfJ0HzBJe",295178,1/5/2023,10:45:30+00:00
350,EagleEyeReview,2023-01-05 10:25:07+00:00,0,EagleEyeStock,"Tchinical Analisys Update #05Jan2023 13:01
Stock : #RELIANCE
30 Min RSI :31.87
30 Min RSI Comment :Weak with Negative Bais
30 Min Histogram :-0.5 Bearish
#investing #nifty #nifty50 #StockMarcket #business #finance #Financial #invest #stocks #technical #analisys",1095,1/5/2023,10:25:07+00:00
351,jais_george,2023-01-05 10:00:14+00:00,0,ETRetail.com,"India is showing intense tech usage, Microsoft investments significant: Satya Nadella #MicrosoftSatyaNadella #SatyaNadella #India #Microsoft #Tatas #StateBankOfIndia #SencoGold #Reliance #StateBankOfIndia #Reliance  https://t.co/Rd9J0Nc2R5",752,1/5/2023,10:00:14+00:00
352,marketwmakwana,2023-01-05 09:58:17+00:00,0,Twitter for Android,"#Reliance day high of 2536 #CMP 2521

Happy Trading

#MWM
#StockMarket 
#NSE
#Analysis
#FnO",25,1/5/2023,09:58:17+00:00
353,YashasInfinite,2023-01-05 09:55:33+00:00,1,Twitter Web App,"#JIO LAUNCHES TRUE #5G IN #Odisha 

Source: #NSE  #BSE  
#stockmarket #investing 
#RELIANCE https://t.co/41P5hEaldU",719,1/5/2023,09:55:33+00:00
354,rangchherajkot,2023-01-05 09:43:14+00:00,0,Twitter Web App,"рк░рк┐рк▓рк╛ркпркирлНрк╕ркирлА ркорлЛркЯрлА ркЬрк╛рк╣рлЗрк░рк╛ркд: 

ркЧрлБркЬрк░рк╛ркдркирлА 100 рк╡рк░рлНрк╖ ркЬрлВркирлА рк╕рлЛрклркЯркбрлНрк░рлАркВркХ ркмрлНрк░рк╛ркирлНркб тАШрк╕рлЛрк╕рк┐ркпрлЛтАЩркорк╛ркВ рк░рк┐рк▓рк╛ркпркирлНрк╕ 50 ркЯркХрк╛ рк╣рк┐рк╕рлНрк╕рлЛ ркЦрк░рлАркжрк╢рлЗ.

#rajkot #rcr #rangchherajkot #update #reliance #bignews #softdrink #sosyo #rcrnews #joinme #rcr https://t.co/v9lT95XNHr",208,1/5/2023,09:43:14+00:00
355,Divyeshbtc,2023-01-05 09:42:34+00:00,1,Twitter for Android,"рдЖрдкрдХреЛ рдХреНрдпреЛ рд▓рдЧрддрд╛ рд╣реИ 12 year рдХреА рдХрд░реЗрдХреНрд╢рди (2008-2020) рд╕рд┐рд░реНрдл 1.5 year рдХреА рдЫреЛрдЯреА рд╕реА рд░реИрд▓реА рд╕реЗ рдЦрддреНрдо рд╣реЛ рдЬрд╛рдПрдЧреА

#nifty #sensex #indianmarket #india #reliance",1,1/5/2023,09:42:34+00:00
356,jschanan,2023-01-05 09:39:25+00:00,1,Twitter Web App,"#Reliance ЁЯЗоЁЯЗ│ on the #NSE #Block of 29,985 shares at Rs. 2512.00 worth 7.53 crore rupees at 3:04 PM #blockdeal #intraday #trade

#Sundram ЁЯЗоЁЯЗ│ on the #NSE #Block of 102,348 shares at Rs. 1005.00 worth 10.29 crore rupees at 3:02 PM",2623,1/5/2023,09:39:25+00:00
357,AnalystShafi,2023-01-05 09:39:18+00:00,2,Twitter Web App,"#Lupin 750 CE

Observe the #PriceAction in the chart...

 #ChartAnatomy
 #reliance #BREAKOUTSTOCKS #stockmarketcrash #StocksToBuy #StockMarket #AdaniEnt #BankNifty #StockMarketindia #niftyit #yesbank https://t.co/W1589KiAPu",659,1/5/2023,09:39:18+00:00
358,My_JioMart,2023-01-05 09:30:52+00:00,0,Twitter Web App,"#IndiaтАЩs small and medium #businesses (SMBs) is set to get boost with the #Facebook and #Reliance deal Facebook announced to invest Rs 43,574 crore into #JioMart #jio 

Facebook and Reliance Deal to push JioMart through WhatsApp https://t.co/BfmIrCRnii",47,1/5/2023,09:30:52+00:00
359,brijesh33011,2023-01-05 09:30:33+00:00,1,Twitter for Android,"T9 Banknifty Future Buy 42718
#StocksInFocus 
#StockMarket #StocksToBuy #TradingView #Banknifty #Nifty50 #finnifty #Breakout #SharkTankIndiaS2 #HappyNewYear #reliance #BajajFinance #bajajfinserv #hdfcbank #GOLD #sensex #adani https://t.co/vbs3TRYpZh",8,1/5/2023,09:30:33+00:00
360,AbhipraGroup,2023-01-05 09:25:26+00:00,0,Abhipra Market Updates,"#OptionChain - #RELIANCE
#Stock #Bearish
#PCR :0.51
Max #CA buildup at 2500,windup at 2600 #PE buildup at 2400 windup at 2480
High #OI CA at 2600,2700,2800 PE at 2600,2500,2400
Open account at https://t.co/giz54B9qdU and start #investing in #StockMarket https://t.co/0Fzjl9Pncf",736,1/5/2023,09:25:26+00:00
361,equitybulls,2023-01-05 09:20:13+00:00,1,EquityBulls,"Jio launches True 5G in Odisha

#RelianceIndustries #INE002A01018 #Jio #True5GServices #Odisha 

https://t.co/alcOk2HtxE https://t.co/Hh9Lwk9119",29166,1/5/2023,09:20:13+00:00
362,AnalystShafi,2023-01-05 09:19:31+00:00,1,Twitter Web App,"#Lupin 750 CE
16.25-16.80

""Can b Carry Forwarded""

 #ChartAnatomy #reliance #BREAKOUTSTOCKS #stockmarketcrash #StocksToBuy #StockMarket #AdaniEnt #BankNifty #StockMarketindia #niftyit #yesbank",659,1/5/2023,09:19:31+00:00
363,reflection_RUSD,2023-01-05 09:09:43+00:00,3,Twitter Web App,"MARKETS MAY FLUCTUATE
BUT INVESTING CONSISTENTLY IS ALWAYS GREAT

#INVEST, &amp; RELAX WITH YOUR #INVESTING

JOIN US NOWтд╡я╕П
https://t.co/dIucDJlWeH

#Reflection #Blockchain #Cryptocurrency #Crypto #Trader #tokenizedstock #DIA #RELIANCE #BerkshireHathaway #Exxon #StableCoins #trading https://t.co/ounyUxvmSe",230,1/5/2023,09:09:43+00:00
364,RUDRA_ANSH_SHIV,2023-01-05 08:55:51+00:00,2,Twitter for Android,"#reliance

Time for bulls jo join party https://t.co/jv1mIfdw7L",698,1/5/2023,08:55:51+00:00
365,AlgoBoffin,2023-01-05 08:53:18+00:00,76,Twitter for Android,"Noticed in last few years, in Most Casino Days #Reliance play major role to fuck #Retailers Derivatives Traders https://t.co/8n10FklcHX",29562,1/5/2023,08:53:18+00:00
366,GoodreturnsTa,2023-01-05 08:53:13+00:00,0,Goodreturns Tamil,Mukesh Ambani: рокроЪроЩрпНроХро│ро╛.. роЗройро┐ роЕрокрпНрокро╛ро╡рпЛроЯ роЯро╛ро░рпНроХрпЖроЯрпН 'роЗродрпБ'родро╛ройрпН.. роОройрпНрой роЯро┐ро╕рпНроЯро░рпНрокрпН рокрогрпНрогро╛родрпАроЩрпНроХ..!  #reliance #mukeshambani #ро░ро┐ро▓рпИропройрпНро╕рпН #роорпБроХрпЗро╖рпНроЕроорпНрокро╛ройро┐ https://t.co/CpnmRTnbvb,6363,1/5/2023,08:53:13+00:00
367,AbhipraGroup,2023-01-05 08:45:00+00:00,0,Abhipra Market Updates,"#RelianceIndustries $RELIANCE Daily #Stock Chart with 20 days #Fibonacci Retracement Levels
Fibonacci #Support Levels 2492.25, 2388.58
Fibonacci #Resistance Levels 2528.15, 2531.84, 2556.33
Open account at https://t.co/giz54B9qdU and start #investing in #StockMarket https://t.co/0h8u84bhuc",736,1/5/2023,08:45:00+00:00
368,mintgenieapp,2023-01-05 08:40:58+00:00,0,Twitter Web App,"UBS has maintained its ""buy"" rating on #RelianceIndustries with an unchanged target price of тВ╣3,250 apiece, which represents a potential upside of 29% from the stock's previous closing price.

#stockmarket #Stockpicks #investing 

https://t.co/1V5aJUm4TT",623,1/5/2023,08:40:58+00:00
369,HHCAPITALS,2023-01-05 08:32:37+00:00,0,Twitter Web App,"Trailing SL triggered in Reliance at 2512.25
Monthly intraday P&amp;L: -0.05% [ without leverage ]
Follow ups of our Intraday Trades are available first at https://t.co/YppXZvyhOT
#reliance #nifty #intraday",912,1/5/2023,08:32:37+00:00
370,AbhipraGroup,2023-01-05 08:28:30+00:00,0,Abhipra Market Updates,"#RelianceIndustries $RELIANCE Last 6 months Daily #StockMovement Line #Chart
Max downward movement was -3.3%
Max upward movement was 3.44%
Stock majorly moved between -1.35% and 1.32%
Open account at https://t.co/giz54B9qdU and start #investing in #StockMarket #NSE #BSE https://t.co/icK3QO7EWA",736,1/5/2023,08:28:30+00:00
371,CMSaab0761,2023-01-05 08:24:20+00:00,0,Twitter Web App,"рднреБрд╡рдиреЗрд╢реНрд╡рд░-рдХрдЯрдХ рдмрдиреЗ 5G, рдЕрд╢реНрд╡рд┐рдиреА рд╡реИрд╖реНрдгрд╡ рдФрд░ рд╢рд┐рдХреНрд╖рд╛ рдордВрддреНрд░реА рдзрд░реНрдореЗрдВрджреНрд░ рдкреНрд░рдзрд╛рди рдиреЗ рдЙрдбрд╝реАрд╕рд╛ рдореЗрдВ рд▓реЙрдиреНрдЪ рдХреА #Jio рдХреА 5G рд╕реЗрд╡рд╛рдПрдВ
#AshwiniVaishnaw #DharmendraPradhan #MukeshAmbani #RelianceIndustries #Odisha https://t.co/cNkJV5IKpq",90,1/5/2023,08:24:20+00:00
372,krishnakhanna,2023-01-05 08:18:45+00:00,0,kkonline Content Updates,"Alert Sell #RELIANCE CMP: 2507.85 #NimblrTA 

Alerts are delayed and for educational purpose only.
For live alerts and screener use tools at https://t.co/KXTzCDDkXv 
Join on Telegram: https://t.co/cOyLHLAE69 https://t.co/TxMoiYQGm0",12685,1/5/2023,08:18:45+00:00
373,HHCAPITALS,2023-01-05 08:17:18+00:00,0,Twitter Web App,"Time to lock the profits. Move SL to 2512.25
#reliance",912,1/5/2023,08:17:18+00:00
374,HHCAPITALS,2023-01-05 07:52:52+00:00,0,Twitter Web App,"Move SL to 2517. Nothing at stake on this trade now.
#RELIANCE",912,1/5/2023,07:52:52+00:00
375,market_announce,2023-01-05 07:50:45+00:00,0,Twitter for Ububtu,"RELIANCE ЁЯУв

#RELIANCE - Company update
https://t.co/Ydl9sHtsk2

#investing https://t.co/vvFkkKDeet",4161,1/5/2023,07:50:45+00:00
376,MarketVedantA,2023-01-05 07:49:31+00:00,0,Twitter Web App,"JIO LAUNCHES TRUE 5G IN ODISHA

#RELIANCE #JIO #LAUCHES #5G #ODISHA https://t.co/4AwwkOlwZf",45,1/5/2023,07:49:31+00:00
377,hemakaroonya1,2023-01-05 07:44:46+00:00,0,Twitter Web App,"05/01/23 #Crude #CrudeOil #Nifty #NIFTYIT #NIFTYPSE 

"" Nifty CAPITAL protection call ""
1st call: sold at 18182

2nd call : Again Sold at 18062

18062 &gt; 18008

#trading #SGXNifty #BiggBossTamil6 #Reliance #OptionsTrading  #VarisuTrailer #Thalapathy67ЁУГ╡  #nseindia #Trader #stocks https://t.co/lFTPjfh8HW",357,1/5/2023,07:44:46+00:00
378,business_today,2023-01-05 07:43:12+00:00,4,Twitter Media Studio,"Isha Ambani is leading Reliance Retail on a path of tremendous inorganic growth targeting acquisitions and smaller FMCG companies across the country. 

Watch: https://t.co/nscDbNpLnk | #IshaAmbani #FMCG #MukeshAmbani #Reliance https://t.co/1uUYcc1H87",1161801,1/5/2023,07:43:12+00:00
379,bqprime,2023-01-05 07:40:33+00:00,5,Twitter Web App,"A bidding process at #Reliance Capital has turned into one of #IBC's core questions: process sanctity or value maximisation?

Read @Vishwanath4389's report. 

https://t.co/JYfJ0HA9yM",295178,1/5/2023,07:40:33+00:00
380,AnalystShafi,2023-01-05 07:35:49+00:00,3,Twitter Web App,"For, #Intellect 440 PE

Clearly mentioned- "" Don't Miss ""

&amp;
it Rewarded &amp; Rewarding as expected! ЁЯдйЁЯе│
ЁЯТОЁЯТОЁЯТО 
ЁЯОКЁЯОКЁЯОК

 #ChartAnatomy #reliance #BREAKOUTSTOCKS #stockmarketcrash #StocksToBuy #StockMarket #AdaniEnt #BankNifty #StockMarketindia #niftyit #yesbank",659,1/5/2023,07:35:49+00:00
381,HHCAPITALS,2023-01-05 07:22:20+00:00,0,Twitter Web App,"Move SL to 2522
#Reliance",912,1/5/2023,07:22:20+00:00
382,AnalystShafi,2023-01-05 07:20:35+00:00,0,Twitter Web App,"#Intellect 440 PE

unSTOPpable... ЁЯШВ
ЁЯЪДЁЯЪГЁЯЪГЁЯЪГЁЯЪГЁЯЪГ ЁЯФе

made 22.85 ЁЯТОЁЯе│

ЁЯФеЁЯФеЁЯФе
ЁЯОКЁЯОКЁЯОК

 #ChartAnatomy #reliance #BREAKOUTSTOCKS #stockmarketcrash #StocksToBuy #StockMarket #AdaniEnt #BankNifty #StockMarketindia #niftyit #yesbank",659,1/5/2023,07:20:35+00:00
383,annu_aggarwal,2023-01-05 07:19:07+00:00,0,Twitter Web App,"We are underperforming all major Asian Indices. IT and Financial stocks dragging down #Nifty 

#Reliance also under pressure for second consecutive day.

What is the fear factor for us - upcoming results season or Union Budget? 

#stocks",823,1/5/2023,07:19:07+00:00
384,IAm_Renew,2023-01-05 07:02:01+00:00,0,Twitter Web App,"The Green Hydrogen Economy Will Need To Nurse IndiaтАЩs Water Economy Too

@AdaniOnline @MainstreamRP @Officialmesl #Reliance  @H2_SouthTyrol  

https://t.co/3VD7CjmloH",221,1/5/2023,07:02:01+00:00
385,Spotboye,2023-01-05 06:56:42+00:00,2,Twitter Web App,"Prithvi AmbaniтАЩs Birthday Bash: From Exquisite D├йcor To Fun Rides And Food Stalls, Take Look At The Pictures-Videos Of The Venue

#Trending #Viral #Reliance 

https://t.co/DT5IXDdWO0",562969,1/5/2023,06:56:42+00:00
386,EagleEyeReview,2023-01-05 06:54:44+00:00,0,EagleEyeStock,"Tchinical Analisys Update #05Jan2023 09:32
Stock : #RELIANCE
1 Day RSI :35.14
1 Day RSI Comment :Weak with Negative Bais
1 Day Histogram :-4.93 Bearish
#investing #nifty #nifty50 #StockMarcket #business #finance #Financial #invest #stocks #technical #analisys",1095,1/5/2023,06:54:44+00:00
387,RUDRA_ANSH_SHIV,2023-01-05 06:51:00+00:00,5,Twitter for Android,"BEARS BE CAUTIOUS

#RELIANCE 

Mota bhai may rock

CMP days low",698,1/5/2023,06:51:00+00:00
388,krishnakhanna,2023-01-05 06:50:02+00:00,0,kkonline Content Updates,"Alert Sell #RELIANCE CMP: 2516.3 #NimblrTA 

Alerts are delayed and for educational purpose only.
For live alerts and screener use tools at https://t.co/KXTzCDDkXv 
Join on Telegram: https://t.co/cOyLHLAE69 https://t.co/BTqGnlNfbz",12685,1/5/2023,06:50:02+00:00
389,Sir_Vibgoyr,2023-01-05 06:49:36+00:00,1,Twitter for iPhone,This time who #Reliance or #Adani ?? https://t.co/KKxwkJC83y,3618,1/5/2023,06:49:36+00:00
390,Sachin_tembe30,2023-01-05 06:47:19+00:00,1,Twitter Web App,"Banknifty Looking For Reversal From Here..Last Support for Buyers 42516! 
#Nifty #banknifty #Traders #StockMarketindia #stockmarkets #Options #optionbuyers #reliance #HDFCBank https://t.co/CEp86xunpv",103,1/5/2023,06:47:19+00:00
391,InfoblazeINDIA,2023-01-05 06:45:33+00:00,0,Twitter Web App,"Mukesh Ambani to pass buck to Akash-Anant-Isha for $75-billion #GreenInvestment

#Reliance

#India #Business #Investment 
https://t.co/qT81nTLv4t
Via https://t.co/BNvPT2wabS https://t.co/3RkSSOWqZK",411,1/5/2023,06:45:33+00:00
392,WEXTinVentures,2023-01-05 06:32:40+00:00,0,Semrush Social Media Tool,"Reliance Industries Ltd., will be focusing his attention on the Indian conglomerateтАЩs pivot to green energy, according to people familiar with the matter, after putting his children in charge of other businesses.
#Reliance #MukeshAmbani #Investment #GreenEnergy https://t.co/dnbkJeApEt",197,1/5/2023,06:32:40+00:00
393,GeorgiaGullini,2023-01-05 06:30:30+00:00,4,TweetDeck,"Did you know? The legendary Italian car brand, Ferrari, originated in Italy in 1939.

#Reliance #RelianceIndustries #GeorgiaGullini https://t.co/mm9xhBMfS1",463,1/5/2023,06:30:30+00:00
394,gann_elt_trader,2023-01-05 06:26:06+00:00,0,Twitter Web App,"Since morning #Reliance was holding #Nifty. It seems Reliance has given up. #Bears might have really attacked it in a big way
D: For educational purpose only.
T: https://t.co/ERo66diYP6
#OptionsTrading #options #optionbuying #StockMarket #stocks #trading #NSE #niftyOptions",328,1/5/2023,06:26:06+00:00
395,MoneycontrolH,2023-01-05 06:21:45+00:00,0,Twitter Web App,"#Reliance - рдореБрдХреЗрд╢ рдЕрдВрдмрд╛рдиреА рд░рд┐рд▓рд╛рдпрдВрд╕ рдЧреНрд░реБрдк рдХреА рдЬрд┐рдореНрдореЗрджрд╛рд░реА рдмрдЪреНрдЪреЛрдВ рдХреЛ рджреЗрдХрд░, рдЗрд╕ рдХрдВрдкрдиреА рдкрд░ рдХрд░реЗрдВрдЧреЗ рдлреЛрдХрд╕

#MukeshAmbani #Reliance #greenenergy #RelianceRetail #business #latestnews #moneycontrol
https://t.co/HizsmLuyyP",41494,1/5/2023,06:21:45+00:00
396,GoodreturnsKa,2023-01-05 06:21:07+00:00,0,Twitter Web App,"100 р▓╡р▓░р│Нр▓╖ р▓╣р▓│р│Жр▓п р▓╕р│Кр▓╕р│Нр▓пр│К р▓мр▓┐р▓╡р▓░р│Зр▓Ьр│НтАМр▓и р▓╢р│З.50р▓░р▓╖р│Нр▓Яр│Б р▓╖р│Зр▓░р│Б р▓╕р│Нр▓╡р▓╛р▓зр│Ар▓ир▓Хр│Нр▓Хр│Ж р▓░р▓┐р▓▓р▓пр▓ир│Нр▓╕р│Н р▓╕р▓Ьр│Нр▓Ьр│Б

#Reliance #PercentStake #Beverages #sosyo 

https://t.co/k4mOrnlB2G",686,1/5/2023,06:21:07+00:00
397,HHCAPITALS,2023-01-05 06:20:33+00:00,0,Twitter Web App,"Trade Active
#reliance",912,1/5/2023,06:20:33+00:00
398,CryptoSmartlife,2023-01-05 06:19:30+00:00,3,Twitter Web App,"ЁЯЧУ A decade ago, the global economy was being set for one of the longest continuous stretches of economic growth.

ЁЯТ░ It's 2011, and you have тВ╣1L

тмЗя╕П Where are you investing
ЁЯкЩ Bitcoin (#BTC)
ЁЯЪЦTesla (#TSLA )
ЁЯЫвReliance (#Reliance )

#BTC #Bitcoin 
тмЗя╕П Let us know in the comments https://t.co/T74nmuICcQ",2417,1/5/2023,06:19:30+00:00
399,jschanan,2023-01-05 06:13:17+00:00,0,Twitter Web App,"#JubilantFood ЁЯЗоЁЯЗ│ on the #NSE #Block of 125,001 shares at Rs. 497.10 worth 6.21 crore rupees at 11:23 AM #blockdeal #intraday #trade

#Reliance ЁЯЗоЁЯЗ│ on the #NSE #Block of 23,109 shares at Rs. 2518.00 worth 5.82 crore rupees at 11:23 AM",2623,1/5/2023,06:13:17+00:00
400,_InvestorZone,2023-01-05 06:12:05+00:00,1,Twitter for Android,#news #Reliance #evcharging https://t.co/SEneequR5X,46,1/5/2023,06:12:05+00:00
401,ETRetail,2023-01-05 06:00:05+00:00,0,ETRetail.com,"Dunzo is improving incentives for delivery partners, says CEO #Dunzo #Biswas #RelianceIndustries #PanCard #FoodInflation  https://t.co/6PACQ278Ly",31635,1/5/2023,06:00:05+00:00
402,AnalystShafi,2023-01-05 05:59:52+00:00,2,Twitter Web App,"#GodrejCP 910 CE

made 29.85 ЁЯТОЁЯе│

ЁЯФеЁЯФеЁЯФе
ЁЯОКЁЯОКЁЯОК

 #ChartAnatomy #reliance #BREAKOUTSTOCKS #stockmarketcrash #StocksToBuy #StockMarket #AdaniEnt #BankNifty #StockMarketindia #niftyit #yesbank",659,1/5/2023,05:59:52+00:00
403,HHCAPITALS,2023-01-05 05:56:37+00:00,0,Twitter Web App,"Sell Reliance for intraday once it breaks 2517. Target: 2502/2488. SL: 2530.05
#reliance #nifty #intraday https://t.co/UwWugOygzj",912,1/5/2023,05:56:37+00:00
404,KK39072403,2023-01-05 05:56:27+00:00,0,Twitter for Android,"#RelianceInd 
Buy Reliance Industries at2518-2518.25 add more at 2480-2480.25 &amp; more at 2450-2450.25 sl 2433 for probable targets of 2700 &amp; 2850
#vision
#value
#investments
#wealth
#bseindia
#nseindia
#Reliance 
#Ambani",100,1/5/2023,05:56:27+00:00
405,ScalperMarket,2023-01-05 05:54:29+00:00,2,Twitter Web App,#reliance below 2515 will be extremely bearish targets 2500-2490-2450 can be achieved on intraday #Nifty50 https://t.co/qpbmPFK1r4,303,1/5/2023,05:54:29+00:00
406,MGMCapitalOne,2023-01-05 05:48:15+00:00,0,Twitter Web App,"1. #Reliance/GAIL: Major green hydrogen energy players are set to benefit after the government on Wednesday approved the National Green Hydrogen Mission with an allocation of тВ╣19,744 crore, aimed at producing 5 million tonnes of green hydrogen annually by 2030.",92,1/5/2023,05:48:15+00:00
407,AnalystShafi,2023-01-05 05:44:16+00:00,1,Twitter Web App,"#GodrejCP 910 CE

faayerred ЁЯФеЁЯФеЁЯФе

ЁЯШВ

made 27.55

 #ChartAnatomy #reliance #BREAKOUTSTOCKS #stockmarketcrash #StocksToBuy #StockMarket #AdaniEnt #BankNifty #StockMarketindia #niftyit #yesbank",659,1/5/2023,05:44:16+00:00
408,itsparidhig,2023-01-05 05:43:41+00:00,1,Twitter for Android,"#MukeshAmbani driving $75 billion green bet as scions helm other #Reliance units

Mukesh Ambani, the billionaire chairman of Reliance Industries Ltd., will be focusing his attention on the Indian conglomerateтАЩs pivot to #green energy. https://t.co/RLmJhNLXwy",135,1/5/2023,05:43:41+00:00
409,AnalystShafi,2023-01-05 05:39:56+00:00,1,Twitter Web App,"#GodrejCP 910 CE
24.3-25

 #ChartAnatomy #reliance #BREAKOUTSTOCKS #stockmarketcrash #StocksToBuy #StockMarket #AdaniEnt #BankNifty #StockMarketindia #niftyit #yesbank",659,1/5/2023,05:39:56+00:00
410,FinancialPulse_,2023-01-05 05:25:58+00:00,1,Twitter Web App,"Reliance arm to acquire 50% stake in Gujarat-based Sosyo Hajoori Beverages

Business &amp; Financial News | Share Market News | Stock Market
#businessnews #financialnews #marketupdate #stockmarketnews #sharemarketnews #gold #iponewslatest #orientcement #apple #tesla #reliance https://t.co/fIpFiUawXn",6,1/5/2023,05:25:58+00:00
411,sensexbaba,2023-01-05 05:22:14+00:00,0,Twitter Web App,"Kya Lagta Hai #DHIRUBHAI Aaj Weekly Expiry ko Positive Banayenge?

#RELIANCE cash cmp 2520-2521
Support 2502 (2487)

High 2536.40 Low 2515",1856,1/5/2023,05:22:14+00:00
412,TnInvestment,2023-01-05 04:54:09+00:00,55,Twitter for Android,"Union cabinet approves Rs 19,744 Cr for National Green hydrogen mission

- #Reliance #Adani, L&amp;T have big plans on Green hydrogen project

- ACME Grp to invest Rs 52,474 Cr Hydrogen plant in #TamilNadu https://t.co/VTxbFEjaa3",9764,1/5/2023,04:54:09+00:00
413,StockInboxIn,2023-01-05 04:52:54+00:00,0,Twitter for Android,"#RELIANCE daily chart 

#StocksToWatch #StocksInFocus #stocks https://t.co/2yJVoUJzyW",743,1/5/2023,04:52:54+00:00
414,Breakoutrade94,2023-01-05 04:51:28+00:00,6,Twitter for Android,#Reliance тЬЕтЬЕЁЯРВ,3164,1/5/2023,04:51:28+00:00
415,bansarun,2023-01-05 04:44:44+00:00,0,Twitter for Android,"Buy #Reliance Fut cmp 2540
#Nifty",475,1/5/2023,04:44:44+00:00
416,Wizards_stock,2023-01-05 04:43:42+00:00,0,Twitter for iPhone,Bought #reliance 2560 ce at 43,18084,1/5/2023,04:43:42+00:00
417,Mahi_camino,2023-01-05 04:39:50+00:00,1,Twitter for Android,"#Reliance  short krneka man kr rha h 
Can I do ?ЁЯША",940,1/5/2023,04:39:50+00:00
418,honky_tonk,2023-01-05 04:35:00+00:00,2,Twitter Web App,"Part with the belief ""I never believe"".

уАМф┐буБШуБкуБДуАНуБиуБДуБЖф┐бх┐╡уВТцЙЛцФ╛уБЩуАВ
#beingness #OnLine #TheCreation #reliance 
https://t.co/szGHt5S56k",3831,1/5/2023,04:35:00+00:00
419,tanosiisupi_bot,2023-01-05 04:30:08+00:00,3,twittbot.net,"The more you trust your life, the more the conditions that was given to your Life become the consequence to act on a plus.

ф║║чФЯуВТф┐бща╝уБЩуВЛуБ╗уБйуАБф║║чФЯуБлф╕ОуБИуВЙуВМуБЯцЭбф╗╢уБМуГЧуГйуВ╣уБлуБпуБЯуВЙуБПх▒ХщЦЛуБиуБкуВКуБ╛уБЩуАВ
#Wisdom #blessing #reliance 
https://t.co/bZx5pdn0g9",5321,1/5/2023,04:30:08+00:00
420,sanvai,2023-01-05 04:10:05+00:00,0,Twitter Web App,"#Reliance 2527
Mukesh Ambani Driving $75 Billion Green Bet As Scions Helm Other Reliance Units

Read more at: https://t.co/IEIRROseTN
Copyright ┬й BQ Prime",2589,1/5/2023,04:10:05+00:00
421,thegenerating,2023-01-05 04:00:45+00:00,0,Twitter Web App,"#crude price fall,#reliance share price,#jreliance share news,#pharma stocks,#corona news,#corona latest news,#covid latest news,#reliance stock news,#stock market fall reason,#stock market fall,#stock market crash,#stock market,#sbi share news,#awl share news, #patanjali share https://t.co/CMDFfvvIPd",8,1/5/2023,04:00:45+00:00
422,EagleEyeReview,2023-01-05 03:55:21+00:00,0,EagleEyeStock,"Daily Update #05Jan2023 09:25
Stock : #RELIANCE
OPEN :2557
HIGH :2561.05
LOW :2514
CLOSE :2518.55
PreClose :2557.05
Change :-38.5 (-1.51%)
#investing #nifty #nifty50 #StockMarcket #business #finance #Financial #invest #stocks",1095,1/5/2023,03:55:21+00:00
423,TheMarketCrux,2023-01-05 03:39:25+00:00,1,front.page,"#NIFTY50 IS OPENING 66 POINTS GAP UP, IF NO SELLING AT OPENING, IT SHALL SUSTAIN AND TRY TO MOVE UP.
STOCKS TO TRADE:
#RELIANCE 
#TCS 
#BAJFINANCE 
#BHARTIARTL 
#ICICIBANK #frontpage_app",1609,1/5/2023,03:39:25+00:00
424,kamisama_kotoba,2023-01-05 03:33:29+00:00,0,twittbot.net,"#SelfRespect #reliance
https://t.co/h4Qx4MFe82",5746,1/5/2023,03:33:29+00:00
425,jais_george,2023-01-05 03:30:13+00:00,2,ETRetail.com,Microsoft is now building global products in India: CEO Satya Nadella #Microsoft #Nadella #India #VirtualReality #Upi #UnitedPaymentsInterface #Metaverse #TataDigital #RelianceIndustries #Internet #MicrosoftIndia  https://t.co/ytv1PfVDor,752,1/5/2023,03:30:13+00:00
426,StockInvesta,2023-01-05 02:59:29+00:00,7,Buffer,"#Market #Update

Follow @StockInvesta now

#StockMarket #niftyOptions #banknifty #StocksToBuy #StocksInFocus #StockMarketIndia #Zerodha #StockToWatch #DowJones #NASDAQ #VerifiedBySensibull #AXISBANK #sharemarket #optionbuying #HDFCLIFE #Reliance #Adani #Dmart #SGXNifty #Expiry https://t.co/1bMTifpizv",1114,1/5/2023,02:59:29+00:00
427,bqprime,2023-01-05 02:55:14+00:00,7,TweetDeck,"#MukeshAmbani will be focusing on #RelianceтАЩs pivot to green energy, after putting his children in charge of other businesses.   

https://t.co/72HJxmKdhH",295178,1/5/2023,02:55:14+00:00
428,jais_george,2023-01-05 02:30:09+00:00,0,ETRetail.com,Cloud Economics: The CIO Handbook #RajeevBatra #GopiThangavel #RelianceIndustries #Ibm #GroupTechnologyOfficer #GroupCio #EtcioCloudAndDataCenterSummit #AbhishekSukhwal #MahindraMahindra #BennettColeman  https://t.co/QnSNNMzSmx,752,1/5/2023,02:30:09+00:00
429,jais_george,2023-01-05 02:30:06+00:00,0,ETRetail.com,Microsoft is now building global products in India: CEO Satya Nadella #Microsoft #Nadella #India #VirtualReality #Upi #UnitedPaymentsInterface #Metaverse #TataDigital #RelianceIndustries #Internet #MicrosoftIndia  https://t.co/H0DQohMSZs,752,1/5/2023,02:30:06+00:00
430,ETTelecom,2023-01-05 02:30:05+00:00,0,ETRetail.com,Microsoft is now building global products in India: CEO Satya Nadella #Microsoft #Nadella #India #VirtualReality #Upi #UnitedPaymentsInterface #Metaverse #TataDigital #RelianceIndustries #Internet #MicrosoftIndia  https://t.co/6hYVze5oWy,45886,1/5/2023,02:30:05+00:00
431,Divya_Bhaskar,2023-01-05 02:20:00+00:00,46,Twitter Web App,"рк░рк┐рк▓рк╛ркпркирлНрк╕ркирлЗ SosyoркирлЛ ркЯрлЗрк╕рлНркЯ рккрк╕ркВркж рккркбрлНркпрлЛ: рк░рк┐рк▓рк╛ркпркирлНрк╕ 100 рк╡рк░рлНрк╖ ркЬрлВркирк╛ ркмрлЗрк╡рк░рлЗркЬ ркЙркдрлНрккрк╛ркжркХ рк╕рлЛрк╕рлАркпрлЛ рк╣ркЬрлВрк░рлА ркмрлЗрк╡рк░рлЗркЬрлАрк╕ рккрлНрк░рк╛ркЗрк╡рлЗркЯ рк▓рк┐ркорк┐ркЯрлЗркбркорк╛ркВ 50% рк╣рк┐рк╕рлНрк╕рлЛ рк╣рк╕рлНркдркЧркд ркХрк░рк╢рлЗ
#Reliance | #SosyoHajooriBeverages | #PrivateLimited
https://t.co/Jw5wS13M0n",583742,1/5/2023,02:20:00+00:00
432,jais_george,2023-01-05 02:00:05+00:00,0,ETRetail.com,India showing intense tech usage IтАЩve not seen before: Satya Nadella #Microsoft #SatyaNadella #India #Tatas #StateBankOfIndia #SencoGold #Reliance #TataDigital #Jio #StateBankOfIndia #Reliance #Internet  https://t.co/yaCXySliU4,752,1/5/2023,02:00:05+00:00
433,ETTelecom,2023-01-05 02:00:04+00:00,1,ETRetail.com,India showing intense tech usage IтАЩve not seen before: Satya Nadella #Microsoft #SatyaNadella #India #Tatas #StateBankOfIndia #SencoGold #Reliance #TataDigital #Jio #StateBankOfIndia #Reliance #Internet  https://t.co/DlIzW6SDrm,45886,1/5/2023,02:00:04+00:00
434,merincafe,2023-01-05 01:59:06+00:00,0,Twitter for Android,"#JIO #MukeshAmbani #AkashAmbani #sandipdas #telecommunication
#28days #recharge @reliancejio @reliancegroup #Reliance https://t.co/dA462e7CFQ",531,1/5/2023,01:59:06+00:00
435,oberoi_jitendra,2023-01-05 01:07:05+00:00,0,Twitter for iPhone,#Reliance. Will it break the trend line or bounce. 2490 is strong support. Can bounce from that level. But Daily close below 2520 is a trouble. https://t.co/XvCuBpdCIu,325,1/5/2023,01:07:05+00:00
436,trade4_money,2023-01-05 00:02:13+00:00,0,"Pipedream, Inc",#RELIANCE: Head and Shoulders Breakout https://t.co/51MEfpC4bz,336,1/5/2023,00:02:13+00:00
437,AbhipraGroup,2023-01-05 00:01:20+00:00,0,Abhipra Market Updates,"#RelianceIndustries $RELIANCE Monthwise Daily High - Low Movement Box Plot
Avg day swing for last month is 34.35
Avg day swing for last 5 months is 42.99 https://t.co/A6kjyzeKx8",736,1/5/2023,00:01:20+00:00
